ascdsvf@gmail.com,fdvdf,dfdfvdfdf
husseinkatana17@gmail.com,fdvdf,dsvbgfh
husseinkatana17@gmail.com,fdvdf,dsvbgfh
husseinkatana17@gmail.com,fdvdf,dsvbgfh
husseinkatana17@gmail.com,fdvdf,dsvbgfh
nk.bjk.dfk.sbdsjk@nk.jgd,dfmnld;bfjd.fd,fmj.kdfjbk.dfbjdf
dfdfd@gnn,dfg,ggffg
dfdfd@gnn,dfg,ggffg
flke/kr/letnk@gmail,dflkdgl;dknbg,fdk.djfdkjfnlldmfdlfn;/inbe
developersjuniors@gmail.com,"dl;fl,ld'mkfd",dfkjndfl;nfklf;e
developersjuniors@gmail.com,"dl;fl,ld'mkfd",dfkjndfl;nfklf;e
developersjuniors@gmail.com,"dl;fl,ld'mkfd",dfkjndfl;nfklf;e
developersjuniors@gmail.com,"dl;fl,ld'mkfd",dfkjndfl;nfklf;e
developersjuniors@gmail.com,"dl;fl,ld'mkfd",dfkjndfl;nfklf;e
developersjuniors@gmail.com,"dl;fl,ld'mkfd",dfkjndfl;nfklf;e
kkk@gmail.com,"asm,jbsk.d ajass fms ndk.s","mfk.jsdk.fbjdskjbjsl/knsl/mxc,mx ,nd.kfjo/fnds,m msd/knlks/dhs;kdns;kdnls/kdb/lsknd. dls/disblds"
